510(K) NUMBER,PRODUCT,COMPANY,APPROVAL DATE
K240366,EP•XT™ Unidirectional Steerable Diagnostic Catheter; Dynamic Tip™ Unidirectional Steerable Diagnostic Catheter; Dynamic XT™ Unidirectional Steerable Diagnostic Catheter,Boston Scientific Corporation,11/1/2024
K240388,Osteotomy Truss System (OTS),4WEB Medical Inc.,11/1/2024
K240514,AMT Low-Profile Suprapubic Catheter & Drainage Set,Applied Medical Technology Inc.,11/1/2024
K241646,ORTIV (ORTIV-BL ORTIV-WH),MVITRO CO. LTD.,11/1/2024
K241828,Affera Integrated Mapping System; Impedance Localization Patch Kit,Medtronic Inc.,11/1/2024
K242311,EXPERT - Flexible Joint Fixation System,GM dos Reis Industria e Comercio Ltda.,11/1/2024
K242320,BD Vacutainer® One Use Holder,Becton Dickinson and Company,11/1/2024
K242393,Acuity 181™ (tisilfocon A) and Acuity 181™ (tisilfocon A) with Tangible™ Hydra-PEG® Rigid Gas Permeable Contact Lenses,Acuity Polymers Inc.,11/1/2024
K242452,Monkey Bars Pin to Bar External Fixation System,Paragon 28 Inc.,11/1/2024
K242620,Breo Laser Hair Growth Comb (Scalp 3L),Shenzhen Breo Technology Co. Ltd.,11/1/2024
K242665,DePuy ATTUNE™ Total Knee System,DePuy Orthopedics Inc,11/1/2024
K242675,FineEtch (FineEtch-10 1.2ml FineEtch-10 5ml FineEtch-37 1.2ml FineEtch-37 5ml FineEtch 37% 1.2ml 20ea pack),Spident Co. Ltd.,11/1/2024
K243091,Over-tube (TR-1108A),Fujifilm Corporation,11/1/2024
K243217,Legend X Desktop System,Pollogen Ltd.,11/1/2024
K240438,CDB Hospital ® Sterilization Wrap (70 gsm); CDB Hospital ® Sterilization Wrap (44 gsm),Comercializadora Brever,11/4/2024
K240512,Tixel i (TXLI0001),Novoxel Ltd.,11/4/2024
K240637,RIGHTEST Blood Glucose Monitoring System Max Tel,Bionime Corporation,11/4/2024
K242195,Gemini Cervical Fusion Cage System,ZheJiang Decans Medical Devices Co. Ltd.,11/4/2024
K242567,Muscle and Nerve Stimulator TENS & EMS (TP2208) Muscle and Nerve Stimulator TENS & EMS (TP2208C),Changsha Anxiang Medical Technology Co. Ltd.,11/4/2024
K242709,JLK-PWI,JLK Inc.,11/4/2024
K243061,SonoStik Guide Wire Introducer,SonoStik LLC,11/4/2024
bk241097,Automated Blood Cell Separators,Terumo BCT Inc,11/5/2024
K231287,POTENZA,Jeisys Medical Inc.,11/5/2024
K240624,InfuLife,First Medical Source LLC,11/5/2024
K241312,TeraRecon Cardiac.Chambers.MR (1.0.0),TeraReconInc.,11/5/2024
K241484,Atlas™ Humeral Nail System,Orthopedic Designs North America Inc. (ODI-NA),11/5/2024
K241849,MEDRAD Centargo CT Injection System; MEDRAD Centargo Day Set; MEDRAD Centargo Patient Line; MEDRAD Centargo Replacement Spike; MEDRAD ISI2 Module (ISI2),Imaxeon Pty Ltd,11/5/2024
K242332,Transcutaneous Electronic Nerve Stimulator  (KTR-2301 KTR-2302 KTR-2341 KTR-2342 KTR-2401 KTR-2402 KTR-2411 KTR-2412 KTR-2491 KTR-2492 KTR-2493 KTR-2494),Shenzhen Kentro Medical Electronics Co. Ltd.,11/5/2024
K242340,DESS Dental Smart Solutions,Terrats Medical SL,11/5/2024
K242345,Delphi Stimulator,QuantalX Neuroscience,11/5/2024
K242664,gentleheel® Adult Incision Device,GRI-Alleset Inc.,11/5/2024
K242947,FreedomFlow™ Orbital Circumferential Atherectomy System,Cardio Flow Inc.,11/5/2024
K243015,Skyway Anterior Cervical Plate System,Kyocera Medical Technologies Inc.,11/5/2024
K243106,CarboClear® Hybrid Pedicle Screw System,Carbofix Orthopedics Ltd.,11/5/2024
bk241132,Test Syphilis Treponema (FOR DONOR TESTING),Roche Diagnostics,11/6/2024
K240450,Citrepore™,Acuitive Technologies Inc.,11/6/2024
K240831,MultiCut Solo,Asclepion Laser Technologies GmbH,11/6/2024
K240997,Hi-Torque Command 14 ST Guide Wire and Hi-Torque Command 14 MT Guide Wire,Abbott Medical,11/6/2024
K242039,Ice Cooling IPL Hair Removal Device (UIM20 GR UIM20 BK UIM20 SL UIM20 CB UIM20 WR),Shenzhen Ulike Smart Electronics Co.Ltd.,11/6/2024
K242261,Accelx Implant System,Biotech Dental LLC,11/6/2024
K242412,Agility Symmetric™ Total Knee System,Medisurge LLC,11/6/2024
K242719,ELEXIR 2.0 (ALLIVE3),Nu Eyne Co. Ltd.,11/6/2024
K242803,Compound W Skin Tag Remover,Medtech Products Inc.,11/6/2024
K243222,BIOFIRE® FILMARRAY® Pneumonia Panel (BIOFIRE Pneumonia Panel); BIOFIRE® FILMARRAY® Pneumonia Panel plus (BIOFIRE Pneumonia Panel plus),BioFire Diagnostics LLC (bioMerieux),11/6/2024
bk241075,Test HIV Detection,Siemens Healthcare Diagnostics Inc.,11/7/2024
K212425,MicroTrend System,ExoStat Medical Inc.,11/7/2024
K240415,Newclip Patient-matched instrumentation non sterile PSI,Newclip Technics,11/7/2024
K240429,Trilogy Tissue Marker,INRAD Inc.,11/7/2024
K240712,icobrain aria,icometrix NV,11/7/2024
K241346,IODR1717 / IODR1417 / IODR1417-GF  (Digital Flat Panel X-ray Detector),Aspen Imaging Healthcare Inc,11/7/2024
K241468,Vertiwedge® Intraosseous System,Foundation Surgical Group Inc.,11/7/2024
K241719,NeuroICH,Neurocareai Inc.,11/7/2024
K241853,Titanium Fletcher-Style Applicator Set Defined Geometry; Smit Cervical Sleeve,Varian Medical Systems Inc.,11/7/2024
K241872,Remanufactured EndoWrist ProGrasp Forceps (420093),Rebotix,11/7/2024
K242361,OZARK Cervical Plate System; PYRENEES® Cervical Plate System; EVEREST® Spinal System; MESA® Spinal System; MESA® Small Stature Spinal System; CASPIAN® Spinal System; DENALI® Spinal System; DENALI® MI Spinal System; YUKON OCT Spinal System; Xia® 3 Spinal System; K2M Patient Specific; CASCADIA™ Interbody System; CAYMAN® Plate System; CAYMAN® Plate System-MI,Stryker Spine,11/7/2024
K242367,BIOFIRE FILMARRAY Gastrointestinal (GI) Panel,BioFire Diagnostics LLC,11/7/2024
K242373,Mako Shoulder Application (1.0),MAKO Surgical Corp.,11/7/2024
K242379,LL Implant System,Ossvis Co. Ltd.,11/7/2024
K242595,Intense Pulse Light Therapeutic Apparatus (IPL-18 BF IPL-18 FG),Shenzhen Greatro Electronic Technology Co. Ltd,11/7/2024
K242702,VioSeal,SPIDENT CO. LTD.,11/7/2024
K242734,ZSFab Cervical Interbody System; ZSFab Lumbar Interbody System,ZSFab,11/7/2024
K240417,ProFound Detection (V4.0),iCAD Inc.,11/8/2024
K240510,Microdacyn Hydrogel,Sonoma Pharmaceuticals Inc.,11/8/2024
K240794,Frontier X Plus,Fourth Frontier Technologies Pvt Ltd,11/8/2024
K241099,Plasonic (Plasonic),Hironic Co. Ltd.,11/8/2024
K241342,Hair Growth Comb (SZ-23SZ-23A),Shenzhen Nuon Medical Equipment Co. Ltd,11/8/2024
K241364,Hybrid Viewer (00859873006189),Hermes Medical Solutions AB,11/8/2024
K241636,MobileLink Acetabular Cup System - Line Extension (Multiple),Waldemar Link GmbH & Co. KG,11/8/2024
K241802,Device 300397 Putty,Geistlich Pharma AG,11/8/2024
K242231,Resona A10S Resona A20 Pro Resona A20T Resona A20S Resona A20W Resona A20 Resona A20 Exp Resona A20 Premium Resona A20 Elite Resona A20 Plus Resona A Elite Resona A MV Eagus A20W Eagus A20 Diagnostic Ultrasound System,Shenzhen Mindray Bio-medical Electronics Co. LTD.,11/8/2024
K242286,Superflow Prime Treatment System (ASP-1M),Guangzhou Aimira Innovation Technology Co Ltd.,11/8/2024
K242382,décoLITE LED Device,ISMART Developments Ltd,11/8/2024
K242749,TopCEM Ceramic Primer Ceramic Coupling Agent,Rizhao HuGe Biomaterials Company Ltd.,11/8/2024
K242756,Introducer Sheath (PFlexi00L065 PFlexi00L070 PFlexi00L075 PFlexi00L080 PFlexi00L090 PFlexi30L065 PFlexi30L070 PFlexi30L075 PFlexi30L080 PFlexi30L090 PFlexi45L065 PFlexi45L070 PFlexi45L075 PFlexi45L080 PFlexi45L090 PFlexi60L065 PFlexi60L070 PFlexi60L075 PFlexi60L080 PFlexi60L090),Pulnovo Medical (Wuxi) Co. Ltd,11/8/2024
K242802,CLUNGENE Fentanyl Home Test Cassette; CLUNGENE Fentanyl Test Cassette,Hangzhou Clongene Biotech Co.Ltd.,11/8/2024
K243004,Xpine Spinal Fixation System,Jeil Medical Corporation,11/8/2024
K243075,Defendo Single Use Cleaning Adapter for Olympus Endoscopes (100322 100323 4000096 4003269 4003280),Steris Corporation,11/8/2024
K243231,Trigon PEEK HA Wedges,Nvision Biomedical Technologies,11/8/2024
K243233,esolution® Esophageal Retractor,S4 Medical Corp.,11/9/2024
K241575,Straumann® Anatomic Healing Abutments XC (AHA),Straumann USA LLC,11/11/2024
K230915,AirLife™ Open Et Oxygen Mask AirLife™ Open Et+ Oxygen Mask,Vyaire Medical Inc.,11/12/2024
K240771,PRORAD X-Ray Flat Panel Detector with DROC,Prognosys Medical Systems Private Limited,11/12/2024
K241074,High-speed Air Turbine Handpieces (SCHG01 SCHG03 SCHG18 SCHF19 SCHF22) Dental Low Speed Handpieces including Straight and Geared Angle Handpieces and Air Motors (Straight Handpieces:  SCHD05-S SCHD16-S SCHD17-S SCHD24-S SCHD27-S Geared Angle Handpieces:  SCHD05-C SCHD06-C SCHD16-C SCHD17-C SCHD24-C SCHD27-C SCHD29-S SCHB4 SCHB5 SCHB20 SCHB64 Air Motors: SCHD16-M SCHD17-M SCHD24-M SCHD27-M),Foshan SOCO Precision Instrument Co.Ltd.,11/12/2024
K241981,Change Healthcare Stratus Imaging PACS,Change Healthcare Canada Company,11/12/2024
K242018,UbiqVue™ 2A Multi-parameter System (UX2550),LifeSignals Inc.,11/12/2024
K242173,Retrace Ureteral Access Sheath (ASXL10 ASXL12 ACXL10 ACXL12 AXXL10 AXXL12 ALXL10 ALXL12),Coloplast Corp.,11/12/2024
K242420,pNOVUS 21 Microcatheter,phenox Ltd,11/12/2024
K242430,Power-Flex (PFX1214); Power-Flex (PFX1517); Power-Flex (PFX1820),Soul Mobility,11/12/2024
K242502,Aurelia Surgical Mask ASTM Level-3 (2130),Supermax Healthcare Canada – Supermax Medical,11/12/2024
K242775,InPen System App (MMT-8060 (iOS) MMT-8061 (Android)),Medtronic MiniMed,11/12/2024
K242791,Electric wheelchair (KR-8807),Zhejiang Kairui Medical Device Co. Ltd.,11/12/2024
K211498,Nonin OTC Pulse Oximeter Model 3250,Nonin Medical Inc.,11/13/2024
K240337,Dental Handpiece (Model: J6-126 J6-136 SH11W2 SH11W3 W401LW W15LW W142LW W11L),Guangdong JINME Medical Technology Co. Ltd.,11/13/2024
K241135,RESPOND(R) Ventilator,CorVent Medical Inc.,11/13/2024
K242407,Dental Glass Ceramics Blocks (HT LT MT),Hunan Vsmile Biotechnology Co. Ltd.,11/13/2024
K242764,MediRod Pedicle Screw System,CMF Medicon Surgical Inc,11/13/2024
K242856,LUOFUCON® Silicone Ag+ Foam Dressing (Prescription use)/ LUOFUCON® Silicone Ag+ Antibacterial Foam Dressing (OTC use) (Bordered Bordered Lite Non-Bordered and Transfer),Huizhou Foryou Medical Devices Co. Ltd.,11/13/2024
K243273,CeQur Simplicity™ On-Demand Insulin Delivery System,CeQur SA,11/13/2024
K241339,Besmed Bacterial Filter and HMEF,Besmed Health Business Corp,11/14/2024
K241397,Hinscope,Hinlab SAS,11/14/2024
K241930,Veincare,Wontech Co. Ltd.,11/14/2024
K242079,Arthrex Elbow Fracture Plating System,Arthrex Inc.,11/14/2024
K242342,Fetal EchoScan,BrightHeart,11/14/2024
K242436,Proximal Humerus Fixation System,Skeletal Dynamics Inc.,11/14/2024
K242440,Intense Pulsed Light Treatment System (LK-PT),Nanjing Bestview Laser S&T Co. Ltd.,11/14/2024
K242598,DEFINE System (AG612444A),InMode Ltd.,11/14/2024
K242814,Tandry Q-Locking Plate System,Microware Precision Co. Ltd.,11/14/2024
K242940,Xrecovery (XR-001),SHENZHEN XINRUN ELECTRIC APPLIANCES CO LTD,11/14/2024
K233081,NUVENTUS NV.C™ Dental Implant System,Infinitum Eta Ltd.,11/15/2024
K240523,VitaVitro® Single Lumen Oocyte Retrieval Needle (ORNS-17G ORNS-18G) VitaVitro® Double Lumen Oocyte Retrieval Needle (ORND-17G),Shenzhen VitaVitro Biotech Co. Ltd.,11/15/2024
K240528,b-ONE® Total Hip System,b-ONE Ortho Corp.,11/15/2024
K240860,EchoGo Amyloidosis (1.0),Ultromics Limited,11/15/2024
K241070,Gelsoft™ Plus Vascular Prostheses,Vascutek Ltd.,11/15/2024
K241125,VIVIX-S 1751S,Vieworks Co. Ltd.,11/15/2024
K241138,ArtiSeal Vessel Sealing System-ArtiSeal Instruments; ArtiSeal Vessel Sealing System-ArtiSeal Generator,LivsMed Inc.,11/15/2024
K241224,Medline ReNewal Reprocessed Biosense Webster Webster CS Catheter with EZ Steer Technology and Medline ReNewal Reprocessed Biosense Webster Webster CS Catheter with EZ Steer Technology and Auto ID Technology (BD710DF282CT BD710DF282RTS BD710FJ282RTS BD710FJ282CT),Surgical Instrument Service and Savings Inc.(dba Medline ReN,11/15/2024
K241439,VUNO Med-Chest X-ray Triage/VUNO Med-CXR Link Triage,Vuno Inc.,11/15/2024
K242062,1CMR Pro,Mycardium AI Limited,11/15/2024
K242130,Koios DS,Koios Medical Inc.,11/15/2024
K242260,aprevo® Cervical ACDF; aprevo® Cervical ACDF-X; aprevo® Cervical ACDF-X NO CAM,Carlsmed Inc,11/15/2024
K242272,CORIOGRAPH Pre-Op Planning and Modeling Services,Blue Belt Technologies Inc.,11/15/2024
K242360,Speedex Light Body; Speedex Medium; Speedex Putty; Speedex Putty Soft; Speedex Universal Activator,Dent4You AG,11/15/2024
K242419,018 Hydrophilic Coated OTW PTA Balloon Dilatation Catheter,Creagh Medical Ltd. dba Surmodics Inc.,11/15/2024
K242465,Panther Fusion SARS-CoV-2/Flu A/B/RSV assay,Hologic Inc.,11/15/2024
K242800,The 5000 Compact Series Ultrasound Systems,Philips Ultrasound LLC,11/15/2024
K242960,AdVance™ XP Male Sling System (720163-03),Boston Scientific Corporation,11/15/2024
K243285,TMINI Miniature Robotic System,Think Surgical Inc.,11/15/2024
K243299,ACUSON Redwood Diagnostic Ultrasound System,Siemens Medical Solutions USA Inc.,11/15/2024
K243306,Lancet (IA IB IC ID IE IK IL IM IIA IIB III V VI VII VIII IX); Lancing device (HH-X-T HH-XV-T HH-XVI-T HH-XVII-T HH-XVIII-T HH-XIX HH-XXI-T HH-XXII-T HH-XXIII-T HH-XXIV-T HH-XXV-T HH-XXVI-T HH-XXVIII-T HH-XXIX-T HH-XXX-T HH-XIII-T HH-XXVII-T),Tianjin Huahong Technology Co. Ltd.,11/15/2024
K240871,Synxess Neurovascular Guidewire,Enlight Medical Technologies (Shenzhen) Co. Ltd.,11/18/2024
K241498,Diode laser Treatment System (K18),Hebei Keylaser Sci-Tech Co. Ltd.,11/18/2024
K241633,Informed Vital Core Application (IVC App),Mindset Medical Inc.,11/18/2024
K241700,Tenex 2nd Generation System,Trice Medical Inc.,11/18/2024
K241747,Saige-Dx,DeepHealth Inc,11/18/2024
K241814,da Vinci SP Instruments (SP1098),Intuitive Surgical Inc.,11/18/2024
K242092,MICRO Arterial Filters,Sorin Group Italia S.r.l.,11/18/2024
K242329,CT Collaboration Live,Philips Healthcare (Suzhou) Co. Ltd,11/18/2024
K242402,Power wheelchair,Zhejiang Zhonglei Medical Technology Co.Ltd.,11/18/2024
K242471,Power Wheelchair (W5538),Zhejiang Innuovo Rehabilitation Devices Co. Ltd.,11/18/2024
K243320,Air Pressure Therapy System (VU-IPC04B),Xiamen WeiYou Intelligent Technology Co.Ltd.,11/18/2024
K243506,Montage-XT Settable Bone Putty,Orthocon Inc.,11/18/2024
K221349,XPER Technology PREMIUM Pro Blood Glucose Monitoring System,TaiDoc Technology Corporation,11/19/2024
K221813,Nova Allegro UACR Assay Nova Allegro Analyzer,Nova Biomedical Corporation,11/19/2024
K242028,Nasal Aspirator (BC-021 BC-022 BC-023 BC-024 BC-025 BC-026),Dongguanshi Yiyingmei Technology Co. Ltd.,11/19/2024
K242102,CerroZone Mini,CerroZone LLC,11/19/2024
K242293,Medical Thulium Fiber Laser Systems (UroFiber 60Q),Rhein Laser Technologies Co. Ltd.,11/19/2024
K242496,Portable Liver Elastography Ultrasound Diagnostic System (Liverscan C),Eieling Technology (Shenzhen) Limited,11/19/2024
K242516,EUROPA™ Posterior Cervical Fusion System,MiRus LLC,11/19/2024
K242523,ACUSON Sequoia Diagnostic Ultrasound System; ACUSON Sequoia Select Diagnostic Ultrasound System; ACUSON Origin Diagnostic Ultrasound System; ACUSON Origin ICE Diagnostic Ultrasound System,Siemens Medical Solutions USA Inc.,11/19/2024
K242930,Natus BrainWatch System,Natus Medical Incorporated DBA Excel-Tech Ltd. (XLTEK),11/19/2024
K243045,“BRAXX” Esophageal Brachytherapy Applicator (Model: BKMI2001 BKMI2002),BRAXX Biotech Co. Ltd,11/19/2024
K243277,Freedom® Medial Congruent Liner,Maxx Orthopedics Inc.,11/19/2024
K243316,XENOVIEW 3.0T Chest Coil,Polarean Inc.,11/19/2024
K243323,Iconix Knotless Anchor,Riverpoint Medical,11/19/2024
bk241095,Platelet And Plasma Separator For Bone Graft Handling,Bimini Health Tech,11/20/2024
K232965,Leg Massager (Models:RP-ALM070H RP-ALM071H),Shenzhen Ruiyi Business Technology Co. Ltd.,11/20/2024
K240716,AETOS Shoulder System Stemless Humeral Prosthesis,Smith & Nephew Inc.,11/20/2024
K240746,Neurovascular Access System Family,Q'Apel Medical Inc.,11/20/2024
K240856,Hip Spacer Molds; Knee Spacer Molds; Shoulder Spacer Molds,Osartis GmbH,11/20/2024
K241603,Powered Wheelchair (NXN20-208 NXN20-211),Zhejiang Nysin Medical Co. Ltd.,11/20/2024
K241843,TD-7301 Spirometer (TD-7301),Gostar Co. Ltd,11/20/2024
K242291,SOL-M Luer Lock Syringe (Low Dead Space) w/o Needle SOL-M Slip Tip Syringe (Low Dead Space) w/o needle SOL-M Luer Lock Syringe (Low Dead Space) w/Exchangeable Needle SOL-CARE Luer Lock Syringe (Low Dead Space) w/Safety Needle SOL-M Slip Tip Syringe (Low Dead Space) w/Exchangeable Needle,Sol-Millennium Medical Inc.,11/20/2024
K242359,Strain AI (SAI001),Exo Inc,11/20/2024
K242363,HIGHERDOSE Red Light Hat (HG-120K),Shenzhen Kaiyan Medical Equipment Co. Ltd,11/20/2024
K242517,ProAM ACDF System,Pro Surgical Inc.,11/20/2024
K242520,Element Vascular Access System,Penumbra Inc.,11/20/2024
K242521,Estar-ZE,Osstem Implant Co. Ltd.,11/20/2024
K243064,ETERBIO Fentanyl/Norfentanyl Rapid Test (Colloidal Gold); ETERBIO Fentanyl/Norfentanyl Home Test,Eterbio Inc.,11/20/2024
K243164,INDIBA COMPACT devices,INDIBA S. A. U.,11/20/2024
K232520,Fingertip Pulse Oximeter models Alpine20 Alpine20A Alpine20H Alpine20HA Alpine20B Alpine20BA Alpine20BH Alpine20BHA Alpine30 Alpine30A Alpine30H Alpine30HA Alpine30B Alpine30BA Alpine30BH Alpine30BHA Alpine20L Alpine20LB Alpine20LH Alpine20LBH Alpine30L Alpine30LB Alpine30LH Alpine30LBH,Shenzhen Smallsignal Technology Co. Ltd.,11/21/2024
K240569,FESL FINK Chamber; FEDL FINK Chamber; FETL FINK Chamber,Fink Engineering Pty Ltd,11/21/2024
K241157,Secret MAX Multi-platform RF System,Ilooda Co.Ltd.,11/21/2024
K241210,Luja Coude,Coloplast Corp,11/21/2024
K241319,SKR 3000,Konica Minolta Inc.,11/21/2024
K241495,Jazz Classic,Jazz Imaging,11/21/2024
K242414,TiLink-P Joint Fusion System,SurGenTec LLC,11/21/2024
K242553,MIRARI® Cold Plasma System ( GV-M2-01),General Vibronics Inc.,11/21/2024
K242596,Versalock Mini and Micro Plating System,GM Dos Reis Industria e Comercio Ltda,11/21/2024
K242799,PliaFX Flo,LifeNet Health,11/21/2024
K242871,ATTUNE™ Revision Hinge Knee,DePuy Ireland UC,11/21/2024
K242874,Gating Reflector Block,Varian Medical Systems Inc.,11/21/2024
K242998,GMReis Ankle Plating System,GM Dos Reis Industria e Comercio Ltda,11/21/2024
K243405,Xpert vanA,Cepheid®,11/21/2024
K221326,Nova Allegro HbA1c Assay Nova Allegro Analyzer,Nova Biomedical Corporation,11/22/2024
K233567,OsteoCoil™ Nitinol Compression System (Multiple Component PNs),Flower Orthopedics Corporation DBA Conventus Flower Ortho,11/22/2024
K240632,Neuvotion NeuStim NN-01,Neuvotion Inc.,11/22/2024
K241169,Entarik NI Feeding Tube System,Gravitas Medical Inc.,11/22/2024
K241529,Powered Wheelchair (NXN20-209),Zhejiang Nysin Medical Co. Ltd.,11/22/2024
K241953,SPROTTE® STANDARD (LUER/ NRFit®) Anesthesiology,PAJUNK GmbH Medizintechnologie,11/22/2024
K242002,FemVue MINI Saline-Air Device,Femasys Inc.,11/22/2024
K242094,Dreem 3S,Beacon Biosignals Inc.,11/22/2024
K242203,BriefCase-Quantification,Aidoc Medical Ltd.,11/22/2024
K242259,Cala kIQ,Cala Health Inc.,11/22/2024
K242543,Persona the Personalized Knee System (Persona Ti-Nidium PPS Femurs),Zimmer Inc.,11/22/2024
K242722,Manual Wheelchair (MASY23),Sichuan AST Medical Equipment Co. Ltd,11/22/2024
K242884,Additively Manufactured Denture Resin,Aidite (Qinhuangdao) Technology Co. Ltd.,11/22/2024
K242913,Jasmate® Toothpaste,Jasberry Healthcare Private Limited,11/22/2024
K242927,Suction Irrigation Tubing Set,Advamedix GmbH,11/22/2024
K242968,Giftlife® Single-Step Medium Plus,Gimbo Medical Technology Shenzhen Co. Ltd.,11/22/2024
K243334,Nooro Body & Foot Stimulator (SM9141 SM9142),XF Agencija Limited,11/22/2024
K232588,Aluna 2,Knox Medical Diagnostics,11/25/2024
K232982,EMS Sculpt Machine,Shandong Huamei Technology Co.Ltd.,11/25/2024
K240575,WaveGuard Net EEG Cap (NA-245 NA-255 NA-261 NA-265 NA-271 NA-281),eemagine Medical Imaging Solutions GmbH,11/25/2024
K241588,Electric Wheelchair (KR8803),Zhejiang Kairui Medical Device Co. Ltd,11/25/2024
K241692,MIS LYNX Conical Connection Implant System,Dentsply Sirona Inc.,11/25/2024
K241831,Transpara (2.1.0),ScreenPoint Medical B.V.,11/25/2024
K241851,Versus™ Catheter  (VS110-8B),Liquet Medical Inc.,11/25/2024
K242245,Customized Abutment,ARUM DENTISTRY Co. Ltd.,11/25/2024
K242253,JARVIS Glenoid Reverse Shoulder Prosthesis,FH Industrie,11/25/2024
K242538,3M™ Attest™ Super Rapid Readout Biological Indicator 1493; 3M™ Attest™ Super Rapid Steam Gravity Clear Challenge  Pack  1493PCDG; 3M™ Attest™ Auto-reader  490; 3M™ Attest™ Auto-reader  490H; 3M™ Attest™ Mini Auto-reader  490M,3M Company,11/25/2024
K242971,AccurSound Electronic Stethoscope (AS101),Heroic Faith International Ltd.,11/25/2024
K243162,World Liner,Signature Orthopaedics Pty Ltd,11/25/2024
K243345,Aptima BV Assay; Aptima CV/TV Assay,Hologic Inc.,11/25/2024
K231655,4CIS® Chiron Spinal Fixation System,Solco Biomedical Co. Ltd.,11/26/2024
K231859,PrimmaArt,DentsCare LTDA,11/26/2024
K240650,LungProtect,Traferox Technologies Inc.,11/26/2024
K240818,R2P Radifocus Glidewire Advantage,Terumo Corporation,11/26/2024
K240897,Cellinew,Viol Co. Ltd,11/26/2024
K241390,NeuroMatch,LVIS Corporation,11/26/2024
K241995,HyperFlex™ Bunion Correction System,FootBridge Medical,11/26/2024
K242049,SureCath Set,Coloplast Corp,11/26/2024
K242258,MROpen Evo (03-2000-00); MROpen Evo (03-4000-00),ASG Superconductors S.P.A.,11/26/2024
K242318,da Vinci SP Surgical System (SP1098),Intuitive Surgical Inc.,11/26/2024
K242494,OsseoFit Interfacing Anchor; OsseoFit Bone Tunnel Construct,Riverpoint Medical LLC,11/26/2024
K242559,Digital Temp,SprintRay Inc.,11/26/2024
K242631,REGENETEN™ Bioinductive Implant,Smith & Nephew Inc. Endoscopy Div.,11/26/2024
K242657,The Sensititre 18-24 hour MIC or Breakpoint Susceptibility System with Daptomycin in the dilution range of 0.03-64 ug/mL,Thermofisher Scientific,11/26/2024
K242810,RadUnity (Version 1.0.0),RadUnity Corp.,11/26/2024
K242961,Intraluminal Applicator Set,Varian Medical Systems,11/26/2024
K243050,TriMed Posterior Malleolus Fixation System,TriMed Inc.,11/26/2024
K243118,Arm Blood Pressure Monitor (model: BPM-A7VL),Shenzhen IMDK Medical Technology Co. Ltd.,11/26/2024
K243191,Atlas Spine Lateral Expandable Interbody System,Atlas Spine Inc.,11/26/2024
K243193,Cross Wise™ Multi-Use RF Adapter Cable,Circa Scientific Inc.,11/26/2024
K233273,C&B Ceramic; C&B Permanent; C&B Interim,Prevest Denpro Limited,11/27/2024
K240645,Sonix Health,Ontact Health Co. Ltd,11/27/2024
K240994,Nexpowder,Nextbiomedical Co. Ltd.,11/27/2024
K241115,SV Spectrum MRC Central Venous Catheter; SV Spectrum MR Central Venous Catheter; SV Central Venous Catheter,Spectrum Vascular,11/27/2024
K241353,PowerLoc™ Max Power Injectable Infusion Set; SafeStep™ Huber Needle Set,Bard Access Systems Inc.,11/27/2024
K241835,AirSculpt Body Contouring System (AIRS-1-SYS),Cellmyx,11/27/2024
K241899,Pelvic Floor Stimulator (Intrelief PFE),EasyMed Instruments Co. Ltd.,11/27/2024
K242187,BioBrace®,CONMED Corporation,11/27/2024
K242308,Power wheelchair,Zhejiang Zhonglei Medical Technology Co. Ltd.,11/27/2024
K242444,HERA W10 Diagnostic Ultrasound System; HERA W9 Diagnostic Ultrasound System,Samsung Medison Co. Ltd.,11/27/2024
K242638,LED Light Therapy Machine (G1 G3 G4 G6),Shenzhen Walton Technology Co. Ltd.,11/27/2024
K242796,CryoGlow (FW3XXXX),SharkNinja Operating LLC,11/27/2024
K243221,RadiForce RX570; RadiForce RX570-AR,EIZO Corporation,11/27/2024
K243354,Remunity System,DEKA Research & Development Corp.,11/27/2024
K243355,Ceragem Automatic Thermal Massager (CGM-MB-1902),CERAGEM Co Ltd.,11/27/2024
K243362,SmoothSkin Pure Switch (SSC1),CyDen Limited,11/27/2024
K243408,TACTIX Vector Syndesmosis System,Vilex LLC,11/27/2024
K243409,KARL STORZ Pediatric Cysto-Urethro-Fiberscope (11274BCU1),KARL STORZ SE & CO. KG,11/27/2024
K241090,Evie Med Ring,Movano Inc. dba Movano Health,11/29/2024
K241628,YO Home Sperm Test,Medical Electronic Systems Ltd.,11/29/2024
K242225,Medline ReNewal Reprocessed Abbott Inquiry Steerable Diagnostic Catheter,Surgical Instrument Service and Savings Inc.,11/29/2024
K243375,Ruthless Spine RJB,Ruthless LLC dba Ruthless Spine,11/29/2024
K223120,Ventoux VC2; Ventoux VC3,Flight Medical Innovations Ltd.,12/2/2024
K240475,Hintermann Series H2 Total Ankle System,Vilex LLC,12/2/2024
K241871,Philips IntelliSite Pathology Solution,Philips Medical Systems Nederland B.V.,12/2/2024
K242619,GroWell BT Hair Growth System (GW10042),Apira Science Inc,12/2/2024
K243020,MIDASVu,IntraVu Inc.,12/2/2024
K243232,GripMate,Synthon Hispania S.L.,12/2/2024
K243418,Riptide™ Aspiration Pump; Riptide™ Collection Canister with Intermediate Tubing,Micro Therapeutics Inc. d/b/a ev3 Neurovascular,12/2/2024
K243433,enspire 3000 Cleaning and Liquid Chemical Sterilant Processing System,STERIS Corporation,12/2/2024
K241486,Sofsilk™ Coated Braided Silk Suture,Covidien,12/3/2024
K242188,ClearRead CT CAC,Riverain Technologies Inc.,12/3/2024
K242861,TrueLok Elevate,Orthofix S.r.l.,12/3/2024
K243454,Verruca-Freeze H,CryoSurgery Inc.,12/3/2024
K243467,Fix2Lock (Biocomposite medial Biocomposite lateral Biocombi Self Punching),OSTEONIC Co. Ltd.,12/3/2024
K243470,Fix2Lock (PEEK Self Punching),Osteonic Co. Ltd.,12/3/2024
K240671,XBeam (v2),Xstrahl Ltd.,12/4/2024
K241197,DeepRhythmAI,Medicalgorithmics S.A.,12/4/2024
K242184,Alcon 27GA Chandelier (8065000252); Alcon 27+ DS Wide Angle Endoilluminator (8065000253); Alcon 27+ DS Endoilluminator (8065000256);,Alcon Laboratories Inc.,12/4/2024
K242185,Rextar Pro,Raypia Co. Ltd,12/4/2024
K242301,Socrates 38 Catheter,Scientia Vascular Inc,12/4/2024
K242348,Locking ScrewCoCrMo,Double Medical Technology Inc.,12/4/2024
K242395,Nanox.ARC,Nano-x Imaging Ltd.,12/4/2024
K242643,CapsoCam Plus (SV-3) Capsule Endoscopy System,CapsoVision Inc.,12/4/2024
K242685,Atellica® CH Creatinine_3 (Crea3),Siemens Healthcare Diagnostics Inc.,12/4/2024
K242686,Neodent Implant System,JJGC Indústria e Comércia de Materiais Dentários S.A.,12/4/2024
K242831,Triathlon Knee System; Triathlon Pro Posterior Stabilized Femoral Components; Triathlon Tritanium Tibial Baseplate; Triathlon Low Profile Tibial Tray; Triathlon Metal Backed Patella; Triathlon Partial Knee System; Avon Patello-femoral Joint Prosthesis; Restoris Multi-Compartmental Knee System,Howmedica Osteonics Corp. dba Stryker Orthopaedics,12/4/2024
K243180,SSPC NXT Delivery Catheter,CenterPoint Systems LLC,12/4/2024
K243265,Ion 3D,SurGenTec LLC,12/4/2024
K243417,RelieVRx,AppliedVR,12/4/2024
K243475,Chemical Indicator for enspire CLCSPS (LCC015),STERIS Corporation,12/4/2024
K241128,TDM Plate and Screw System,TDM Co. Ltd.,12/5/2024
K241674,OSTEOPAL® V,Heraeus Medical GmbH,12/5/2024
K242525,iTOF®,Nerbio Medical Software Platforms Inc.,12/5/2024
K242653,The Sensititre 18-24 hour MIC or Breakpoint Susceptibility System with Linezolid in the dilution range of 0.25-32 ug/mL,Thermofisher Scientific,12/5/2024
K242703,LW Pre-milled Abutment,Ossvis Co. Ltd.,12/5/2024
K242740,Dental Lithium Disilicate Glass Ceramic ( HT ML-HT LT ML-LT MT MO HO),Liaoning Rachcera Material Technology Co.Ltd.,12/5/2024
K243435,Magnetic Localization Patch Kit (AFR-00021),Medtronic Inc.,12/5/2024
K243444,BIOCERAM AZUL® HEAD,KYOCERA Corporation,12/5/2024
K243447,Rapid Surgical Plan (RSP-SW-001),Navbit Pty Ltd,12/5/2024
K243463,BIOFIRE FILMARRAY Tropical Fever Panel,BioFire Diagnostics LLC (bioMerieux),12/5/2024
K243526,MONTAGE Settable Resorbable Bone Putty  MONTAGE-QS Settable Resorbable Bone Putty  MONTAGE Flowable Settable Resorbable Bone Paste  MONTAGE-XT Settable Resorbable Hemostatic Bone Putty,Orthocon Inc.,12/5/2024
K240461,OsteoSinter® EVANS and COTTON wedges and related accessories,Ames Medical Prosthetic Solutions S.A.U.,12/6/2024
K240561,Rugged Oxygen Generator  (ROG) (RO01-00001),Molecular Products Ltd.,12/6/2024
K240680,CDM Insights,Oxford Brain Diagnostics Ltd,12/6/2024
K240840,Oxygen Concentrator (ZY-10AB/115),Foshan Care Medical Technology Co. Ltd.,12/6/2024
K240926,PeekMed web,Peek Health S.A.,12/6/2024
K240971,87 NeuGlide Catheter,Piraeus Medical,12/6/2024
K241073,DZ-Tabone Intervertebral Body Fusion Device,Shenzhen Dazhou Medical Technology Co. Ltd.,12/6/2024
K241213,PENTAX Medical Video Upper GI Scope (EG27-i20c); PENTAX Medical Video Colonoscope (EC34-i20cL),Pentax of America Inc,12/6/2024
K241260,ACTIFY™ Unicondylar Knee System,Globus Medical Inc,12/6/2024
K241543,DrAid™ for Liver Segmentation,VinBrain Joint Stock Company,12/6/2024
K241567,MC2 Portable X-ray System,Oxos Medical,12/6/2024
K241580,Alinity m SARS-CoV-2 AMP Kit (09N78-096); Alinity m SARS-CoV-2 CTRL Kit (09N78-086),Abbott Molecular,12/6/2024
K241878,Tornier Humeral Reconstruction System (Tornier HRS); Tornier Perform Humeral System - Stem (Tornier PHS-Stem),Stryker Corporation (Tornier Inc.),12/6/2024
K241923,EFAI Neurosuite CT Midline Shift Assessment System (MLS-CT-100),Ever Fortune.AI Co. Ltd.,12/6/2024
K241946,PeritX™ 1L Drainage Kit (90-1010); PeritX™ 2L Drainage Kit (90-2010); PeritX™ Peritoneal Catheter Kit (50-9000C); PeritX™ Peritoneal Catheter and Starter Kit (50-9900C); PeritX™ Peritoneal Catheter Mini Kit (50-9050A); PleurX™ Low Profile Catheter Mini Kit (50-8050); Valve Cap (50-7235A); PeritX™ Valve Kit (50-7272); Catheter Access Kit (50-7280A); Lockable Drainage Line (50-7245A); Lockable Drainage Line Kit (50-7265A); PleurX™ Supplemental Insertion Kit (50-7262); Procedure Pack (50-,Bard Peripheral Vascular Inc,12/6/2024
K241989,Cercare Medical Neurosuite (CMN) Capillary Function with Virtual Expert,Cercare Medical A/S,12/6/2024
K242304,RED,NeurAxis Inc,12/6/2024
K242524,SyMRI,SyntheticMR AB (Publ.),12/6/2024
K242645,INA Moisturizing Intimate Lubricant Water-Based Personal Lubricant,Project Chemistry Inc.,12/6/2024
K242687,NanoKnife Generator (H78720300301US0); NanoKnife Single Electrode Activation Probe 15 cm (H787204001090); NanoKnife Single Electrode Activation Probe 25 cm (H787204001100); NanoKnife Single Electrode Probe Spacer (H787204003010),Angiodynamics Inc.,12/6/2024
K242710,Hair Removal Device (R3C16-P R3C16-W R3C16-G R3C16-P Pro R3C16-W Pro R3C16-G Pro R3505-W R3505-B R3505-W Pro R3505-B Pro),Shenzhen Jianchao Intelligent Technology Co. Ltd.,12/6/2024
K242824,PTFE Guidewire,Lake Region Medical,12/6/2024
K242950,WallFlex Biliary PLUS RX Stent System,Boston Scientific,12/6/2024
K243073,AnyPlus Navigated Instruments System,GS Medical Co. Ltd.,12/6/2024
K243486,SmartSiteTM Vented Vial Access Device,Yukon Medical LLC,12/6/2024
K240700,HomeSleepTest (HST HST REM+),Somnomedics GMBH,12/8/2024
K240706,PowerCube+ Series (PowerCube Body+); PowerCube+ Series (PowerCube Diffusion+); PowerCube+ Series (PowerCube Body+ / Diffusion+),GANSHORN Medizin Electronic GmbH,12/9/2024
K240841,Digital Radiography System (ManntiX B ManntiX K),Shenzhen Browiner Tech Co. Ltd,12/9/2024
K242451,HemoSphere Alta Advanced Monitoring Platform (ALTAALL1/ALTCR1/ALTASR1); HemoSphere Alta- monitor pressure cable  (HEMAPSC100);Acumen AFM cable- HemoSphere Alta monitor (HEMAFM100),Edwards LifeSciences,12/9/2024
K242508,Verily Numetric Retinal Camera,Verily Life Sciences LLC,12/9/2024
K242729,AutoContour (Model RADAC V4),Radformation Inc.,12/9/2024
K242758,Atrauman® Ag,Hartmann USA Inc.,12/9/2024
K243364,TRIGEN META-TAN Trochanteric Antegrade Nail,Smith & Nephew Inc.,12/9/2024
K231216,POTENZA,Jeisys Medical Inc.,12/10/2024
K241391,Straumann® PURE Ceramic Implants,Institut Straumann AG,12/10/2024
K241505,DRX-Revolution Mobile X-ray System,Carestream Health Inc.,12/10/2024
K241521,Prelude Small O.D. Introducer Guide Wire,Merit Medical Systems Inc.,12/10/2024
K242025,Elos Accurate® Hybrid Base™,Elos Medtech Pinol A/S,12/10/2024
K242327,Empulse M90,Concourse Assistive Technology PTY LTD,12/10/2024
K242461,IRISeg,Intuitive Surgical Inc.,12/10/2024
K242511,V5 Diagnostic Ultrasound System H5 Diagnostic Ultrasound System XV5 Diagnostic Ultrasound System XH5 Diagnostic Ultrasound System V4 Diagnostic Ultrasound System H4 Diagnostic Ultrasound System XV4 Diagnostic Ultrasound System XH4 Diagnostic Ultrasound System,Samsung Medison Co. Ltd.,12/10/2024
K242630,Aerin Console,Aerin Medical Inc.,12/10/2024
K242848,Philips IntelliSite Pathology Solution 5.1,Philips Medical Systems Nederland B.V.,12/10/2024
K243132,Digital Color Doppler Ultrasound Imaging System (Readius L15); Digital Color Doppler Ultrasound Imaging System (Readius P8); Digital Color Doppler Ultrasound Imaging System (Readius V6); Digital Color Doppler Ultrasound Imaging System (Readius C6),Shantou Institute of Ultrasonic Instruments Co. Ltd.,12/10/2024
K243216,Sensinel Cardiopulmonary Management (CPM) System (ADCP1100),Analog Devices,12/10/2024
K240758,Radiofrequency Generator Cura RF Electrode,Zhejiang CuraWay Medical Technology Co. Ltd.,12/11/2024
K241045,Disposable Subdermal Needle Electrode Corkscrew,Technomed Europe,12/11/2024
K241088,EndoTool IV (3.1),Monarch Medical Technologies,12/11/2024
K241219,FiberLocker System: FiberLocker Implant (SpeedPatch PET) FiberLocker Instrument (FiberLocker Instrument SN),ZuriMed Technologies AG,12/11/2024
K241873,OsseoFit Stemless Shoulder System,Zimmer Inc.,12/11/2024
K242033,Access25™ Delivery Microcatheter,Penumbra Inc.,12/11/2024
K242263,TECHFIT DISRP® System,TECHFIT Digital Surgery Inc.,12/11/2024
K242378,Eclipse Treatment Planning System (18.1),Varian Medical Systems,12/11/2024
K242417,VECTR – Video Endoscopic Carpal Tunnel Release System,Rafael Medical Devices LLC,12/11/2024
K242747,FAQ™ (302),Foreo Inc.,12/11/2024
K243369,Cervical Plating System,Life Spine Inc.,12/11/2024
K243491,SternalPlate Expansion,Stryker Leibinger GmbH & Co. KG,12/11/2024
K243498,Alinity c Benzodiazepines Reagent Kit,Microgenics Corporation,12/11/2024
K243548,BriefCase-Triage,Aidoc Medical Ltd.,12/11/2024
K233152,GENIOVA aligners,Geniova Technologies Sociedad Limitada,12/12/2024
K240735,visio.lign color visio.lign shield,Bredent GmbH & Co. KG,12/12/2024
K241253,Medicon Epiplating System,CMF Medicon Surgical Inc.,12/12/2024
K241271,Aqua Medical RF Vapor Ablation System,Aqua Medical Inc.,12/12/2024
K241389,Infrascanner Model 2500 (Model 2500),Infrascan Inc.,12/12/2024
K242020,EPIQ Series Diagnostic Ultrasound System; Affiniti Series Diagnostic Ultrasound System,Philips Ultrasound LLC,12/12/2024
K242453,Terragene® Bionova® Photon Process Challenge Device with unique-point integrator (PCD225-2);Terragene® Bionova® Photon Process Challenge Device with moving-front integrator (PCD225-C),Terragene S.A.,12/12/2024
K242832,NExT Station; NExT Station Advanced,EB Neuro S.p.A.,12/12/2024
K242934,Bioceramic Root Canal Sealer and Repair Materials (i-MTA BP),Longly Biotechnology (Wuhan) Co. Ltd.,12/12/2024
K243495,Natus Ultrapro S100 (982A0594),Natus Neurology Incorporated,12/12/2024
K243538,uMI Panvivo (uMI Panvivo); uMI Panvivo (uMI Panvivo S),Shanghai United Imaging Healthcare Co.Ltd.,12/12/2024
K243540,Mac-Lab (AltiX AI.i); CardioLab (AltiX AI.i); ComboLab (AltiX AI.i); MLCL Client Software (AltiX AI.i),GE Medical Systems Information Technologies Inc.,12/12/2024
K231424,HeartBeam AIMIGo(TM) System,HeartBeam Inc.,12/13/2024
K233001,Bioscope Neuromonitor Device,Biosys Biyomedikal Muhendislik San. Ve Tic. A.S.,12/13/2024
K233486,731 Series Ventilator,Zoll Medical Corporation,12/13/2024
K240778,Vivo 1 Vivo 2,Breas Medical AB,12/13/2024
K240779,Vivo 3,Breas Medical AB,12/13/2024
K240924,Anterion,Heidelberg Engineering GmbH,12/13/2024
K240998,ABL90 FLEX PLUS System,Radiometer Medicals ApS,12/13/2024
K241160,CAIs Sensor (CAIs-001),BrainU Co.Ltd.,12/13/2024
K241998,Ice Cooling IPL Hair Removal Device (UI20 DB UI20 RE UI20 GP UI20 PW UI20S DB UI20S RE UI20S PW UI20S GPUI20 WH UI20 GR UI20 BS UI20 MP UI20 BL UI20 PN UI20 BR UI20WG UI20S WH UI20S GR UI20S BS UI20S MP),Shenzhen Ulike Smart Electronics Co. Ltd.,12/13/2024
K242463,ARIA Radiation Therapy Management System (18.1),Varian Medical Systems Inc,12/13/2024
K242487,Laminar P1 (LDH-HW-001),Laminar Digital Health Inc.,12/13/2024
K242532,BTL-785BNF-E,BTL Industries Inc.,12/13/2024
K242668,Gastro Concepts Air Assist,Gastro Concepts LLC,12/13/2024
K243196,Uro-G HD Cystoscope (1520),UroViu Corporation,12/13/2024
K243281,LOCK-IN Spinal Fixation System,LOCK-IN USA CORP,12/13/2024
K243307,LCD Monitor (MDEC-2523),Barco NV,12/13/2024
K243493,Agilis NxT Steerable Introducer Dual-Reach,Abbott Medical,12/13/2024
K243560,Remex Spine Surgery Navigation Instrument,Remex Medical Corp.,12/13/2024
K243635,aprevo® anterior lumbar interbody fusion device with interfixation,Carlsmed Inc.,12/13/2024
K242124,Sim&Size,Sim&Cure,12/14/2024
K232839,Eye Secret 38 UV Aspheric (polymacon) and Air Light 38 UV Aspheric (polymacon) Soft (hydrophilic) Contact Lens for Daily Wear,Yung Sheng Optical Co. Ltd.,12/16/2024
K240676,ULTIMUS Series Ultrasound Diagnostic System,Vinno Technology (Suzhou) Co.Ltd,12/16/2024
K240793,MSKai,MSKai,12/16/2024
K240809,LUOFUCON® Silver Collagen Dressing,Huizhou Foryou Medical Devices Co. Ltd.,12/16/2024
K240873,TEMBO Embolic System,Instylla Inc.,12/16/2024
K240937,AIM (N/A),Inventeur LLC,12/16/2024
K242003,XABO Ventricular Catheter XABO Peritoneal Catheter XABO Catheter Set,Aesculap Inc.,12/16/2024
K242015,TOPAZ Mobile X-ray System (Models : TOPAZ-32D TOPAZ-40D),DRGEM Corporation,12/16/2024
K242307,ACHIEVE Partial Knee System,Ignite OrthoMotion,12/16/2024
K243066,Dental Implants and Abutments,Ditron Dental LTD,12/16/2024
K243471,Extraction Basket,Micro-Tech (Nanjing) Co. Ltd.,12/16/2024
K243641,da Vinci Surgical System (IS5000),Intuitive Surgical Inc.,12/16/2024
K223093,Aptiva APS IgG Reagent; Aptiva APS IgM Reagent,INOVA Diagnostics Inc.,12/17/2024
K240798,Cntrl+ Bladder Support Pessary,Cntrl+ Inc.,12/17/2024
K241036,Autoclave Indicator Tape; EO Indicator Tape,Jiangmen New Era External Use Drug Co. Ltd,12/17/2024
K241556,Cardiac Workstation (5000); Cardiac Workstation (7000),Philips Medizin Systeme Böblingen GmbH,12/17/2024
K241616,ALLONUS Tech Prosthetics,ALLONUS Tech Co. LTD.,12/17/2024
K241801,Tornus ES,ASAHI Intecc Co. Ltd.,12/17/2024
K242146,BIOBRANE Temporary Wound Dressing; BIOBRANE Glove,Smith & Nephew Medical Limited,12/17/2024
K242297,Reform Pedicle Screw System,Precision Spine Inc.,12/17/2024
K242413,VizionFocus (mififilcon A) Silicone Hydrogel Soft (hydrophilic) Daily Disposable Contact Lens; VizionFocus Color (mififilcon A) Silicone Hydrogel Soft (hydrophilic) Daily Disposable Contact Lens,VizionFocus Inc.,12/17/2024
K242558,Halyard Black Nitrile Powder-Free Exam Gloves with Textured Grip Technology Tested for Use with Chemotherapy Drugs Fentanyl Citrate Simulated Gastric Acid and Fentanyl in Simulated Gastric Acid,O&M Halyard Inc.,12/17/2024
K242783,Roche Digital Pathology Dx,Ventana Medical Systems Inc.,12/17/2024
K242815,POCKET TENS (EP-300),HIVOX BIOTEK INC.,12/17/2024
K242816,Quantium,Bisco Inc.,12/17/2024
K242869,prodisc® L Instruments,Centinel Spine LLC,12/17/2024
K242987,Thulium Fiber Laser (FiberLAZE+ FiberLAZE),Allengers Global Healthcare Private Limited,12/17/2024
K243336,Lucitone Digital Print Denture™ System,Dentsply Sirona Inc.,12/17/2024
K243365,Healgen Accurate Muti-Drug Urine Drug Screen Cup; Healgen Accurate Home Muti-Drug Urine Test Cup,Healgen Scientific LLC,12/17/2024
K243664,Sentinel Camera,AI Optics,12/17/2024
K240763,FirstFit Surgical Kit,Freudenberg Medical LLC,12/18/2024
K240765,Porous Biologic Scaffold,Ventris Medical,12/18/2024
K240959,Respiratory Muscle Trainer,Chongqing Moffy Innovation Technology Co.Ltd.,12/18/2024
K241040,Amethyst HP PTA OTW 0.035 Catheter,Natec Medical Ltd.,12/18/2024
K241058,Lyka® PORT Needle Free Access Device (4170Y),Quest Medical Inc.,12/18/2024
K241095,ARTSMedia Semen Wash Medium,ARTSMedia Denmark ApS,12/18/2024
K241132,ARTSMedia Oocyte Aspiration Medium (502020 502050 502100),ARTSMedia Denmark ApS,12/18/2024
K241395,Active System; Avenue8,Caerus Corporation,12/18/2024
K242216,GENTAFIX®  (1 3 3MV),Teknimed SAS,12/18/2024
K242424,Bluebird Single-Use Respiratory Effort Belt,Cadwell Industries Inc.,12/18/2024
K242535,Single-use Flexible Cystoscope (CY-E2E01 CY-E2E01R CY-E2F01 CY-E2F01R CY-E2G01 CY-E2G01R CY-S2E01 CY-S2E01R); Digital Video Monitor (DVM-D1 DVM-D2),Hunan Vathin Medical Instrument Co. Ltd,12/18/2024
K242662,Falcon/Xpress (Falcon/Xpress),Viasonix Ltd.,12/18/2024
K242787,Tens & Ems Device (TU1080),Changsha Anxiang Medical Technology Co. LTD,12/18/2024
K243128,Klockner Kits,Soadco S.L.,12/18/2024
K243609,EquivaBone Osteoinductive Bone Graft Substitute (EquivaBone ),ETEX Corporation,12/18/2024
K243615,Physica Porous Femoral Components,Limacorporate S.p.A.,12/18/2024
K243625,Xpert MRSA/SA SSTI,Cepheid®,12/18/2024
K243720,3Delta UNlimited,DeltaMed GmbH,12/18/2024
K232813,Therapy EC Therapy XT,DMC Importacao e Exportacao de Equipamentos LTDA,12/19/2024
K240348,Quantum Mitohormesis (QMT) (M2101),QuantumTX Pte. Ltd.,12/19/2024
K240885,Shadow Catheter,Simpson Interventions Inc.,12/19/2024
K241168,System 83 Revolve Endoscope Washer/Disinfector,Wassenburg Medical Inc.,12/19/2024
K241322,Electric Breast Pump (LD-208L LD-3010L LD-2010L LD-3010 LD-2010),Joytech Healthcare Co. Ltd.,12/19/2024
K241637,Echo Intracranial Base Catheter,Stryker Neurovascular,12/19/2024
K241768,Broadway 8 Catheter (BRW084132-01),Stryker Neurovascular,12/19/2024
K241778,Hudson RCI Comfort Flo® CubCannula™,Medline Industries LP.,12/19/2024
K242063,LibAirty Airway Clearance System,Synchrony Medical Ltd.,12/19/2024
K242270,OrthoNext Platform System,Orthofix Srl,12/19/2024
K242370,Medline Microdissection Needle (4cm) (140936 (ESE104A)); Medline Microdissection Needle (3cm) (140937 (ESE103A)),Medline Industries LP,12/19/2024
K242467,IQ-UIP,Imbio Inc.,12/19/2024
K242700,Radiant Renewal Skincare Lid (HD-59A HD-59B HD-59C HD-59D HD-70 HD-72 HD-72A HD-73A HD-73B HD-116 HD-116A HD-53A HD-53B),Shenzhen Nuon Medical Equipment Co. Ltd,12/19/2024
K242819,IPD Dental Implant Abutments,IMPLANT PROTESIS DENTAL 2004 S.L.,12/19/2024
K242892,Cristaline Aligners Z FLX,Cristaline Aligners GmbH,12/19/2024
K242908,UV Phototherapy Device (Group A: SQ308PCHFD SQ308PCQFD SQ308PCPFD SQ308PCNFD SQ308PCMFD); UV Phototherapy Device (Group B: SQ308PHTFF SQ308PHSFF SQ308PHRFF SQ308PHZFG SQ308PPUFF SQ308PPVFF SQ308PPWFG),Shanghai SIGMA High-tech Co. Ltd.,12/19/2024
K242954,Integrity V500 (Integrity Integrity with VEMP),Vivosonic Inc,12/19/2024
K243071,Bovine Dermis Collagen Dermal Matrix,Collagen Matrix Inc.,12/19/2024
K243094,Quickdent Dental Implant System,Quickdent Devices Private Ltd.,12/19/2024
K243169,The Sensititre 18-24 hour MIC or Breakpoint Susceptibility System with Ceftobiprole in the dilution range of 0.008-16 ug/mL,Thermofisher Scientific,12/19/2024
K243171,Yushan X-Ray Flat Panel Detector,InnoCare Optoelectronics Corp.,12/19/2024
K243361,Nutrifit,Vygon USA,12/19/2024
K243430,Micro-current Facial Beauty Device (AM-810B AM-810W AM-812B AM-812W),Shenzhen Aozemei Technology Co. Ltd,12/19/2024
K243440,Electric Wheelchair (HC820N),Yongkang Hengyi Vehicle Co.Ltd,12/19/2024
K243595,OviTex PRS (Long-Term Resorbable),TELA Bio Inc.,12/19/2024
K243652,Monoject™ Enteral Syringe with ENFit Connector (401SE); Monoject™ Enteral Syringe with ENFit Connector (403SE); Monoject™ Enteral Syringe with ENFit Connector (406SE); Monoject™ Enteral Syringe with ENFit Connector (412SE); Monoject™ Enteral Syringe with ENFit Connector (435SE); Monoject™ Enteral Syringe with ENFit Connector (460SE),Cardinal Health,12/19/2024
K243688,Saige-Dx (3.1.0),DeepHealth Inc.,12/19/2024
K243705,Saige-Density (2.5.0),DeepHealth Inc,12/19/2024
K243725,BD Vaginal Panel,Becton Dickinson and Company,12/19/2024
K233639,SmartClip Secure Soft Tissue Marker,Elucent Medical Inc.,12/20/2024
K240435,Alpha Dent Implants Dental Implants System,Alpha Dent Implants GmbH,12/20/2024
K241167,BioSphere Putty; BioSphere MIS Putty,Synergy Biomedical,12/20/2024
K241394,iHealth® Early Pregnancy Test; iHealth® Early Pregnancy Test Strip,Andon Health Co. Ltd.,12/20/2024
K241411,Welch Allyn Connex® Spot Monitor; 901058 Vital Signs Monitor Core (CSM),Welch Allyn Inc.,12/20/2024
K241652,DASH® SARS-CoV-2 & Flu A/B Test,Nuclein LLC,12/20/2024
K241670,Fractional CO2 Laser Therapy System (FG900-S); Fractional CO2 Laser Therapy System (FG900-S2),Beijing ADSS Development Co. Ltd.,12/20/2024
K241680,Momcozy Wearable Breast Pump (BP311),Shenzhen Root Innovation Technology Co. Ltd.,12/20/2024
K241888,Single-use Balloon Dilatation Catheter,Leo Medical Co. Ltd.,12/20/2024
K242168,Voluson Expert 18; Voluson Expert 20; Voluson Expert 22,GE Medical Systems Ultrasound and Primary care Diagnostics,12/20/2024
K242281,Arrow Endurance Extended Dwell Peripheral Catheter System (EDC-00620); Arrow Endurance Extended Dwell Peripheral Catheter System (EDC-00622); Arrow Endurance Extended Dwell Peripheral Catheter System (EDC-00820); Arrow Endurance Extended Dwell Peripheral Catheter System (EDC-00822),Arrow International LLC (A Subsidiary of Teleflex Inc.),12/20/2024
K242362,Lightning Viewer,Nexsys Electronics Inc. dba Medweb,12/20/2024
K242529,Tigon Medical All-Suture Anchors (ASA),Tigon Medical,12/20/2024
K242530,HF-Etchant Hydrofluoric Acid Etching Gel,Rizhao HuGe Biomaterials Company Ltd.,12/20/2024
K242534,HandPICO Fractional Laser Handpiece Tip,Vydence Medical,12/20/2024
K242572,TopCEM-Try in Veneer Try-in Gel,Rizhao HuGe Biomaterials Company Ltd.,12/20/2024
K242599,aprevo® Digital Planning,Carlsmed Inc.,12/20/2024
K242628,Scooter (PS30),Lichtmega Technology Co. Ltd.,12/20/2024
K242644,SENDERO MAX Delivery Catheter,Okami Medical Inc.,12/20/2024
K242688,Finiff System,Skingrab Co. Ltd.,12/20/2024
K242923,SimpleSnip Endoscopic Suture Cutter (SC500160); SimpleSnip Endoscopic Suture Cutter (SC500230),Envision Endoscopy,12/20/2024
K242929,Fas Aligner System,Xplora 3D Europe S.L,12/20/2024
K242953,KIDS Arterial Filters,Sorin Group Italia S.r.l.,12/20/2024
K243024,Cellbrick Knee Spacer,United Orthopedic Corporation,12/20/2024
K243040,LED Light Therapy Mask (SKB-1818PSKB-1918SKB-1918PSKB-1918PLUSSKB-2318LSKB-2318PSKB-2318PROIN-FM002 SKB-2418),Shenzhen Siken 3D Technology Development Co. Ltd.,12/20/2024
K243149,Microliter Dosing Syringe (9 20 25 37.5 50 and 100 microliter models),Congruence Medical Solutions LLC,12/20/2024
K243293,Zimmer® Persona® Personalized Knee System,Zimmer Biomet,12/20/2024
K243308,Bonebridge Osteosynthesis Plating System (SALGINA 2.5mm Distal Radius System CASCELLA 3.5mm Superior Clavicle System LEPORELLO 3.5mm Olecranon Syste),Bonebridge AG,12/20/2024
K243607,Moda-flx Hemodialysis System™ Cartridge (102121-001 ),Diality Inc.,12/20/2024
K243629,Momcozy Wearable Breast Pump (BP311); Momcozy Wearable Breast Pump (BP223); Momcozy Wearable Breast Pump (BP324); Momcozy Wearable Breast Pump (BP334); Momcozy Wearable Breast Pump (BP430),Shenzhen Root Innovation Technology Co. Ltd.,12/20/2024
K243671,ExcelsiusGPS® Instruments,Globus Medical Inc.,12/20/2024
K243675,InkSpace Imaging Small Body Array,InkSpace Imaging Inc.,12/20/2024
K243759,BIOFIRE Blood Culture Identification 2 (BCID2) Panel (RFIT-ASY-0147 (30 pack) RFIT-ASY-0148 (6 pack)),BioFire Diagnostics LLC,12/20/2024
K243911,HPR Cordless Hygiene Handpiece,Handpiece Headquarters,12/20/2024
K243085,IPL Hair Removal Device (DE03A-W DE03A-P DE03A-V DE03A-G DE03B-W DE03B-P DE03B-V DE03B-G),Zhuzhou Goldenhot Medical Technology Co.Ltd.,12/21/2024
K243147,LGO-Surgical Laser Fibers,Light Guide Optics International Ltd.,12/21/2024
K243121,SLT Select Fiber Delivery System and Contact Tips (models: SSRH 8-SMA; TCRH 7-SMA; FEF 2.2-SMA; CFE 0.6-SMA; SSRH 8Z-SMA; SSRH 4-SMA; SSRH 6-SMA; SSRH 9-SMA; SSRH 10-SMA; SSRH 11-SMA; SSRH 7L-SMA; TCRH 7Z-SMA; FEF 1.8-SMA; CFE 0.55-SMA; CFE 0.36-SMA; LAL 550-SMA; LAL 550Z-SMA; LAL 365-SMA; LAL 365Z-SMA; ER2; ERP2; GR2; GRP2; ER4; ERP4; GR4; GRP4; ER6; ERP6; GR6; GRP6; ER8; ERP8; GR8; GRP8; ER10; ERP10; GR10; GRP10; ER12; ERP12; GR12; GRP12; MD2.5; MD3.5; HP1.0; MTP1.5; MTP3.5; MTRG1.5;,JiangXi Medex Technology Co.Ltd,12/22/2024
